feature,TCN_MSE,TCN_MAE,TCN_R2,LSTM_MSE,LSTM_MAE,LSTM_R2,GRU_MSE,GRU_MAE,GRU_R2
Temp (degC),0,0,0,0.0868,0.2197999954223632,0.731,0,0,0
Rel Hum (%),0,0,0,0.3981,0.4828000068664551,0.5053,0,0,0
Precip. Amount (mm),0,0,0,0.2362,0.1941999942064285,0.076,0,0,0
Stn Press (kPa),0,0,0,0.3595,0.4061999917030334,0.6694,0,0,0
Wind Spd (km/h),0,0,0,0.7704,0.6796000003814697,0.2646,0,0,0
