feature,TCN_MSE,TCN_MAE,TCN_R2,LSTM_MSE,LSTM_MAE,LSTM_R2,GRU_MSE,GRU_MAE,GRU_R2
Temp (degC),0.2081,0.3650000095367431,0.3551,0.0879,0.2175000011920929,0.7276,0.0925,0.2264000028371811,0.7133
Rel Hum (%),0.4225,0.5016000270843506,0.4751,0.3981,0.4828000068664551,0.5053,0.3966,0.4781999886035919,0.5072
Precip. Amount (mm),0.267,0.2398000061511993,-0.0428,0.2362,0.1941999942064285,0.076,0.2359,0.2152999937534332,0.0767
Stn Press (kPa),0.4647,0.4939000010490417,0.5734,0.3595,0.4061999917030334,0.6694,0.3649,0.4090999960899353,0.6644
Wind Spd (km/h),0.8164,0.7088000178337097,0.2207,0.7704,0.6796000003814697,0.2646,0.7705,0.6804999709129333,0.2646
